timestamp;ppg
2025-06-27T12:25:17.039830;54.3826
2025-06-27T12:25:17.089867;55.6587
2025-06-27T12:25:17.122696;55.6595
2025-06-27T12:25:17.154633;55.6895
2025-06-27T12:25:17.189755;55.6964
2025-06-27T12:25:17.222188;55.7292
2025-06-27T12:25:17.256428;55.7552
2025-06-27T12:25:17.295862;55.7702
2025-06-27T12:25:17.315404;55.8341
2025-06-27T12:25:17.346869;55.9654
2025-06-27T12:25:17.379839;56.0318
2025-06-27T12:25:17.413876;56.0643
2025-06-27T12:25:17.446116;56.0073
2025-06-27T12:25:17.480892;56.0170
2025-06-27T12:25:17.513078;56.0308
2025-06-27T12:25:17.548128;56.0937
2025-06-27T12:25:17.580252;56.0677
2025-06-27T12:25:17.613300;55.9657
2025-06-27T12:25:17.647626;55.8752
2025-06-27T12:25:17.681488;55.8507
2025-06-27T12:25:17.715576;55.7207
2025-06-27T12:25:17.746663;55.7732
2025-06-27T12:25:17.781700;55.8039
2025-06-27T12:25:17.823899;56.3747
2025-06-27T12:25:17.858688;56.3040
2025-06-27T12:25:17.892570;56.3785
2025-06-27T12:25:17.938128;56.4333
2025-06-27T12:25:17.963895;56.4608
2025-06-27T12:25:18.004952;56.4761
2025-06-27T12:25:18.025085;56.5530
2025-06-27T12:25:18.053878;56.5937
2025-06-27T12:25:18.091874;56.6758
2025-06-27T12:25:18.127008;56.6763
2025-06-27T12:25:18.157615;56.5953
2025-06-27T12:25:18.192899;56.5901
2025-06-27T12:25:18.223832;56.6688
2025-06-27T12:25:18.259953;56.7255
2025-06-27T12:25:18.294560;56.2680
2025-06-27T12:25:18.329531;56.4121
2025-06-27T12:25:18.358748;56.4487
2025-06-27T12:25:18.391541;56.4875
2025-06-27T12:25:18.424488;56.4782
2025-06-27T12:25:18.459315;56.5685
2025-06-27T12:25:18.494683;56.5697
2025-06-27T12:25:18.572036;56.0337
2025-06-27T12:25:18.584840;56.0957
2025-06-27T12:25:18.612695;56.0169
2025-06-27T12:25:18.631887;55.9132
2025-06-27T12:25:18.698209;55.9914
2025-06-27T12:25:18.730257;55.9562
2025-06-27T12:25:18.763742;56.0101
2025-06-27T12:25:18.798115;56.1349
2025-06-27T12:25:18.829991;56.1766
2025-06-27T12:25:18.867219;56.1675
2025-06-27T12:25:18.898439;56.2249
2025-06-27T12:25:18.927272;56.1238
2025-06-27T12:25:18.958771;56.1036
2025-06-27T12:25:18.995264;56.0885
2025-06-27T12:25:19.028172;56.0779
2025-06-27T12:25:19.057462;56.0963
2025-06-27T12:25:19.094262;56.1474
2025-06-27T12:25:19.130246;56.1097
2025-06-27T12:25:19.161186;56.1350
2025-06-27T12:25:19.206058;56.0692
2025-06-27T12:25:19.228014;56.0354
2025-06-27T12:25:19.264257;56.1912
2025-06-27T12:25:19.296542;56.0936
2025-06-27T12:25:19.328873;56.1456
2025-06-27T12:25:19.362794;56.1353
2025-06-27T12:25:19.394336;56.0728
2025-06-27T12:25:19.428321;56.0682
2025-06-27T12:25:19.454029;56.2057
2025-06-27T12:25:19.499625;56.2406
2025-06-27T12:25:19.542164;56.1754
2025-06-27T12:25:19.563052;56.0474
2025-06-27T12:25:19.581748;56.0549
2025-06-27T12:25:19.618023;56.0973
2025-06-27T12:25:19.664758;56.0544
2025-06-27T12:25:19.704087;56.1659
2025-06-27T12:25:19.730960;56.1955
2025-06-27T12:25:19.747673;56.1346
2025-06-27T12:25:19.796385;56.1330
2025-06-27T12:25:19.829695;56.1224
2025-06-27T12:25:19.852542;56.1701
2025-06-27T12:25:19.903134;56.1718
2025-06-27T12:25:19.927944;56.1788
2025-06-27T12:25:19.969832;56.1780
2025-06-27T12:25:19.995963;56.1294
2025-06-27T12:25:20.028855;56.2031
2025-06-27T12:25:20.060838;56.1995
2025-06-27T12:25:20.095289;56.2570
2025-06-27T12:25:20.127868;56.2501
2025-06-27T12:25:20.163076;56.3441
2025-06-27T12:25:20.197385;56.3774
2025-06-27T12:25:20.248238;56.3237
2025-06-27T12:25:20.260893;56.3735
2025-06-27T12:25:20.293262;56.2620
2025-06-27T12:25:20.323089;56.1775
2025-06-27T12:25:20.357303;56.1590
2025-06-27T12:25:20.391649;56.0657
2025-06-27T12:25:20.428517;56.1825
2025-06-27T12:25:20.458590;56.1596
2025-06-27T12:25:20.495085;56.2100
2025-06-27T12:25:20.527352;56.2443
2025-06-27T12:25:20.561082;56.1826
2025-06-27T12:25:20.594143;56.1475
2025-06-27T12:25:20.629022;56.1922
2025-06-27T12:25:20.661436;56.1911
2025-06-27T12:25:20.695181;56.2154
2025-06-27T12:25:20.726112;56.2458
2025-06-27T12:25:20.762875;56.2566
2025-06-27T12:25:20.793600;56.2707
2025-06-27T12:25:20.849694;56.3199
2025-06-27T12:25:20.871263;56.3418
2025-06-27T12:25:20.892462;56.3094
2025-06-27T12:25:20.927932;56.3633
2025-06-27T12:25:20.961949;56.4229
2025-06-27T12:25:20.996181;56.4230
2025-06-27T12:25:21.029534;56.4607
2025-06-27T12:25:21.059232;56.5149
2025-06-27T12:25:21.100573;56.5030
2025-06-27T12:25:21.122049;56.4911
2025-06-27T12:25:21.162751;56.5157
2025-06-27T12:25:21.195895;56.5004
2025-06-27T12:25:21.242085;56.4757
2025-06-27T12:25:21.251829;56.4730
2025-06-27T12:25:21.299652;56.3755
2025-06-27T12:25:21.330758;56.3708
2025-06-27T12:25:21.349002;56.3768
2025-06-27T12:25:21.394230;56.4354
2025-06-27T12:25:21.432119;56.4448
2025-06-27T12:25:21.461563;56.4848
2025-06-27T12:25:21.495044;56.4917
2025-06-27T12:25:21.531390;56.5335
2025-06-27T12:25:21.566490;56.5343
2025-06-27T12:25:21.578673;56.5208
2025-06-27T12:25:21.629860;56.5485
2025-06-27T12:25:21.651201;56.6426
2025-06-27T12:25:21.684262;56.7085
2025-06-27T12:25:21.720112;56.7101
2025-06-27T12:25:21.769390;56.7208
2025-06-27T12:25:21.799050;56.7797
2025-06-27T12:25:21.817905;56.7639
2025-06-27T12:25:21.861125;56.7602
2025-06-27T12:25:21.898651;56.7532
2025-06-27T12:25:21.916737;56.7188
2025-06-27T12:25:21.966200;56.7903
2025-06-27T12:25:22.000032;56.8395
2025-06-27T12:25:22.031095;56.8240
2025-06-27T12:25:22.052775;56.8621
2025-06-27T12:25:22.083648;56.8474
2025-06-27T12:25:22.116639;56.8773
2025-06-27T12:25:22.151894;56.8869
2025-06-27T12:25:22.183492;56.8724
2025-06-27T12:25:22.234643;56.9278
2025-06-27T12:25:22.262840;56.9524
2025-06-27T12:25:22.297889;56.9350
2025-06-27T12:25:22.318139;56.9700
2025-06-27T12:25:22.351217;56.9655
2025-06-27T12:25:22.414509;56.9367
2025-06-27T12:25:22.422672;56.9688
2025-06-27T12:25:22.444634;56.9217
2025-06-27T12:25:22.484220;56.9923
2025-06-27T12:25:22.515170;57.0087
2025-06-27T12:25:22.562876;57.0366
2025-06-27T12:25:22.583492;57.0577
2025-06-27T12:25:22.616204;57.0450
2025-06-27T12:25:22.649331;57.0366
2025-06-27T12:25:22.686246;57.0496
2025-06-27T12:25:22.714721;57.0483
2025-06-27T12:25:22.745269;57.0744
2025-06-27T12:25:22.779941;57.1313
2025-06-27T12:25:22.816242;57.1916
2025-06-27T12:25:22.849567;57.1741
2025-06-27T12:25:22.895900;57.2150
2025-06-27T12:25:22.921075;57.2082
2025-06-27T12:25:22.949904;57.2088
2025-06-27T12:25:22.982231;57.2448
2025-06-27T12:25:23.021822;57.2617
2025-06-27T12:25:23.052061;57.3006
2025-06-27T12:25:23.084026;57.3111
2025-06-27T12:25:23.120049;57.3172
2025-06-27T12:25:23.151946;57.2861
2025-06-27T12:25:23.186042;57.2822
2025-06-27T12:25:23.224766;57.3029
2025-06-27T12:25:23.253359;57.3323
2025-06-27T12:25:23.288983;57.3709
2025-06-27T12:25:23.316225;57.3597
2025-06-27T12:25:23.355095;57.3410
2025-06-27T12:25:23.405776;57.3521
2025-06-27T12:25:23.418997;57.3504
2025-06-27T12:25:23.455780;57.3741
2025-06-27T12:25:23.486168;57.4113
2025-06-27T12:25:23.521223;57.4055
2025-06-27T12:25:23.557180;57.3898
2025-06-27T12:25:23.588053;57.3370
2025-06-27T12:25:23.622243;57.3723
2025-06-27T12:25:23.654884;57.3764
2025-06-27T12:25:23.687794;57.3498
2025-06-27T12:25:23.722647;57.4026
2025-06-27T12:25:23.752322;57.4019
2025-06-27T12:25:23.788181;57.4237
2025-06-27T12:25:23.826776;57.4729
2025-06-27T12:25:23.871551;57.4545
2025-06-27T12:25:23.899201;57.4505
2025-06-27T12:25:23.916500;57.4883
2025-06-27T12:25:23.948146;57.4939
2025-06-27T12:25:24.006959;57.5195
2025-06-27T12:25:24.021732;57.5353
2025-06-27T12:25:24.056057;57.4999
2025-06-27T12:25:24.088706;57.5067
2025-06-27T12:25:24.120678;56.9076
2025-06-27T12:25:24.155203;57.0914
2025-06-27T12:25:24.204373;57.1056
2025-06-27T12:25:24.217218;57.0990
2025-06-27T12:25:24.268879;57.1297
2025-06-27T12:25:24.286491;57.1080
2025-06-27T12:25:24.322620;57.1170
2025-06-27T12:25:24.356159;57.0865
2025-06-27T12:25:24.393237;57.0413
2025-06-27T12:25:24.421016;57.0485
2025-06-27T12:25:24.455017;57.0167
2025-06-27T12:25:24.488173;57.0428
2025-06-27T12:25:24.521531;57.0577
2025-06-27T12:25:24.555554;57.0493
2025-06-27T12:25:24.604230;57.0212
2025-06-27T12:25:24.623297;57.0373
2025-06-27T12:25:24.674729;57.0449
2025-06-27T12:25:24.687678;57.0590
2025-06-27T12:25:24.721523;57.0692
2025-06-27T12:25:24.757962;57.0759
2025-06-27T12:25:24.786404;57.0205
2025-06-27T12:25:24.822140;57.0315
2025-06-27T12:25:24.855746;57.0269
2025-06-27T12:25:24.886470;57.0541
2025-06-27T12:25:24.918635;57.0542
2025-06-27T12:25:24.951467;57.0209
2025-06-27T12:25:24.989004;57.0200
2025-06-27T12:25:25.019438;57.0340
2025-06-27T12:25:25.059112;57.0552
2025-06-27T12:25:25.090320;57.0454
2025-06-27T12:25:25.125654;57.0697
2025-06-27T12:25:25.157814;57.0618
2025-06-27T12:25:25.193489;57.0680
2025-06-27T12:25:25.224576;57.0488
2025-06-27T12:25:25.260940;57.0548
2025-06-27T12:25:25.289645;57.0729
2025-06-27T12:25:25.322640;57.0473
2025-06-27T12:25:25.354359;57.0292
2025-06-27T12:25:25.389032;57.0381
2025-06-27T12:25:25.423898;57.0658
2025-06-27T12:25:25.459983;57.0687
2025-06-27T12:25:25.488644;57.0760
2025-06-27T12:25:25.525654;57.0595
2025-06-27T12:25:25.568787;57.0752
2025-06-27T12:25:25.608605;57.1022
2025-06-27T12:25:25.623243;57.1116
2025-06-27T12:25:25.656244;57.0948
2025-06-27T12:25:25.690339;57.0787
2025-06-27T12:25:25.722066;57.1138
2025-06-27T12:25:25.757294;57.0969
2025-06-27T12:25:25.776641;57.0765
2025-06-27T12:25:25.831431;57.1015
2025-06-27T12:25:25.858015;57.1121
2025-06-27T12:25:25.888857;57.1387
2025-06-27T12:25:25.926642;57.0986
2025-06-27T12:25:25.957588;57.1401
2025-06-27T12:25:25.993075;57.1653
2025-06-27T12:25:26.011073;57.1374
2025-06-27T12:25:26.058419;57.1231
2025-06-27T12:25:26.095082;57.1445
2025-06-27T12:25:26.124581;57.1359
2025-06-27T12:25:26.156681;57.1534
2025-06-27T12:25:26.195405;57.1330
2025-06-27T12:25:26.225288;57.1057
2025-06-27T12:25:26.243838;57.1300
2025-06-27T12:25:26.279728;57.1307
2025-06-27T12:25:26.322896;57.1424
2025-06-27T12:25:26.360179;57.1488
2025-06-27T12:25:26.378805;57.1341
2025-06-27T12:25:26.406663;57.1444
2025-06-27T12:25:26.443341;57.1573
2025-06-27T12:25:26.476526;57.1480
2025-06-27T12:25:26.525019;57.1306
2025-06-27T12:25:26.544209;57.1548
2025-06-27T12:25:26.575873;57.1524
2025-06-27T12:25:26.610874;57.1704
2025-06-27T12:25:26.660835;57.1817
2025-06-27T12:25:26.694456;57.1930
2025-06-27T12:25:26.712185;57.1762
2025-06-27T12:25:26.745360;57.2047
2025-06-27T12:25:26.779946;57.2387
2025-06-27T12:25:26.828010;57.2134
2025-06-27T12:25:26.865633;57.2845
2025-06-27T12:25:26.895265;57.2644
2025-06-27T12:25:26.911441;57.2440
2025-06-27T12:25:26.957261;57.2787
2025-06-27T12:25:26.981273;57.2304
2025-06-27T12:25:27.023589;57.1872
2025-06-27T12:25:27.040224;57.2369
2025-06-27T12:25:27.078462;57.2791
2025-06-27T12:25:27.112694;57.3197
2025-06-27T12:25:27.154666;57.3628
2025-06-27T12:25:27.178311;57.4276
2025-06-27T12:25:27.207612;57.5286
2025-06-27T12:25:27.257374;57.6896
2025-06-27T12:25:27.275104;57.8907
2025-06-27T12:25:27.326591;58.0235
2025-06-27T12:25:27.346422;58.2445
2025-06-27T12:25:27.373548;58.4701
2025-06-27T12:25:27.410328;58.6484
2025-06-27T12:25:27.445622;58.2939
2025-06-27T12:25:27.477194;58.5719
2025-06-27T12:25:27.508718;58.7852
2025-06-27T12:25:27.542552;59.0900
2025-06-27T12:25:27.579444;59.4421
2025-06-27T12:25:27.612698;59.1183
2025-06-27T12:25:27.647701;59.7176
2025-06-27T12:25:27.682261;59.8715
2025-06-27T12:25:27.718953;59.2918
2025-06-27T12:25:27.748336;59.5029
2025-06-27T12:25:27.778006;59.1876
2025-06-27T12:25:27.812486;59.2981
2025-06-27T12:25:27.851305;59.3337
2025-06-27T12:25:27.889788;59.3497
2025-06-27T12:25:27.906756;60.0198
2025-06-27T12:25:27.965040;59.3955
2025-06-27T12:25:27.980598;60.1370
2025-06-27T12:25:28.007396;60.1376
2025-06-27T12:25:28.044444;60.1295
2025-06-27T12:25:28.079026;60.4978
2025-06-27T12:25:28.112972;60.1481
2025-06-27T12:25:28.150309;60.5412
2025-06-27T12:25:28.179053;60.5477
2025-06-27T12:25:28.212073;60.5656
2025-06-27T12:25:28.242834;60.5436
2025-06-27T12:25:28.279406;60.5720
2025-06-27T12:25:28.309974;60.5387
2025-06-27T12:25:28.345473;60.5195
2025-06-27T12:25:28.381301;60.5441
2025-06-27T12:25:28.414914;60.5467
2025-06-27T12:25:28.446419;60.5597
2025-06-27T12:25:28.498488;60.5665
2025-06-27T12:25:28.514536;60.5716
2025-06-27T12:25:28.550746;60.5745
2025-06-27T12:25:28.584708;60.5652
2025-06-27T12:25:28.616377;60.5655
2025-06-27T12:25:28.643527;60.5787
2025-06-27T12:25:28.678670;60.5751
2025-06-27T12:25:28.706893;60.6539
2025-06-27T12:25:28.751623;60.6529
2025-06-27T12:25:28.781679;60.6683
2025-06-27T12:25:28.833280;60.6814
2025-06-27T12:25:28.849713;60.6851
2025-06-27T12:25:28.883436;60.7023
2025-06-27T12:25:28.922517;60.7084
2025-06-27T12:25:28.968507;60.7377
2025-06-27T12:25:29.001155;60.7296
2025-06-27T12:25:29.016009;79.9015
2025-06-27T12:25:29.048195;85.0431
2025-06-27T12:25:29.083525;84.3361
2025-06-27T12:25:29.115656;83.8100
2025-06-27T12:25:29.148948;83.5798
2025-06-27T12:25:29.183509;82.3093
2025-06-27T12:25:29.220754;82.5807
2025-06-27T12:25:29.246917;81.6144
2025-06-27T12:25:29.286;81.6828
2025-06-27T12:25:29.317945;81.6395
2025-06-27T12:25:29.347371;81.2476
2025-06-27T12:25:29.385763;81.3706
2025-06-27T12:25:29.417257;81.4916
2025-06-27T12:25:29.448351;81.4573
2025-06-27T12:25:29.489086;81.4574
2025-06-27T12:25:29.520616;81.4435
2025-06-27T12:25:29.555572;81.4778
2025-06-27T12:25:29.585066;81.4289
2025-06-27T12:25:29.607164;81.4590
2025-06-27T12:25:29.648022;81.4154
2025-06-27T12:25:29.685912;81.4324
2025-06-27T12:25:29.717726;81.4225
2025-06-27T12:25:29.748894;81.4114
2025-06-27T12:25:29.786006;81.4364
2025-06-27T12:25:29.818741;81.4467
2025-06-27T12:25:29.853153;81.4593
2025-06-27T12:25:29.879187;81.4488
2025-06-27T12:25:29.917265;81.4443
2025-06-27T12:25:29.942936;81.4625
2025-06-27T12:25:29.984273;81.4590
2025-06-27T12:25:30.009041;81.4836
2025-06-27T12:25:30.046202;81.4812
2025-06-27T12:25:30.085749;81.4833
2025-06-27T12:25:30.100854;81.4765
2025-06-27T12:25:30.152918;81.4708
2025-06-27T12:25:30.184570;81.5126
2025-06-27T12:25:30.221628;81.4715
2025-06-27T12:25:30.255007;81.5034
2025-06-27T12:25:30.282933;81.5023
2025-06-27T12:25:30.314566;81.4970
2025-06-27T12:25:30.352511;81.5094
2025-06-27T12:25:30.386114;81.5136
2025-06-27T12:25:30.408595;81.4922
2025-06-27T12:25:30.438349;81.5104
2025-06-27T12:25:30.487486;81.5210
2025-06-27T12:25:30.522441;81.5414
2025-06-27T12:25:30.549454;81.5228
2025-06-27T12:25:30.580789;81.5143
2025-06-27T12:25:30.608018;81.5264
2025-06-27T12:25:30.653564;81.5229
2025-06-27T12:25:30.677346;81.5460
2025-06-27T12:25:30.735864;81.5295
2025-06-27T12:25:30.743057;81.5376
2025-06-27T12:25:30.771161;81.5338
2025-06-27T12:25:30.824148;81.5611
2025-06-27T12:25:30.840629;81.5666
2025-06-27T12:25:30.899350;81.5274
2025-06-27T12:25:30.908288;81.5726
2025-06-27T12:25:30.956706;81.5643
2025-06-27T12:25:30.972549;81.5922
2025-06-27T12:25:31.002929;81.5697
2025-06-27T12:25:31.057508;81.5776
2025-06-27T12:25:31.072907;81.5810
2025-06-27T12:25:31.122728;81.5607
2025-06-27T12:25:31.139923;81.5975
2025-06-27T12:25:31.171131;81.5811
2025-06-27T12:25:31.225314;81.5966
2025-06-27T12:25:31.237872;81.6027
2025-06-27T12:25:31.287807;81.5738
2025-06-27T12:25:31.309337;81.5689
2025-06-27T12:25:31.338074;81.5613
2025-06-27T12:25:31.388665;81.5802
2025-06-27T12:25:31.405419;81.5615
2025-06-27T12:25:31.453805;81.5345
2025-06-27T12:25:31.487239;81.5363
2025-06-27T12:25:31.505536;81.5282
2025-06-27T12:25:31.554697;81.5424
2025-06-27T12:25:31.571852;81.5342
2025-06-27T12:25:31.619651;81.5255
2025-06-27T12:25:31.638049;81.5457
2025-06-27T12:25:31.675446;81.5355
2025-06-27T12:25:31.725607;81.5423
2025-06-27T12:25:31.741453;81.5489
2025-06-27T12:25:31.773626;81.5237
2025-06-27T12:25:31.806057;81.5507
2025-06-27T12:25:31.839096;81.5504
2025-06-27T12:25:31.871283;81.5411
2025-06-27T12:25:31.924055;81.5437
2025-06-27T12:25:31.940178;81.5466
2025-06-27T12:25:31.976325;81.5744
2025-06-27T12:25:32.006448;81.5738
2025-06-27T12:25:32.040457;81.5625
2025-06-27T12:25:32.071788;81.5646
2025-06-27T12:25:32.121601;81.5702
2025-06-27T12:25:32.140120;81.5821
2025-06-27T12:25:32.206963;81.5668
2025-06-27T12:25:32.219082;81.5761
2025-06-27T12:25:32.241171;81.5750
2025-06-27T12:25:32.266453;81.5757
2025-06-27T12:25:32.303265;81.5806
2025-06-27T12:25:32.334310;81.5941
2025-06-27T12:25:32.372027;81.6015
2025-06-27T12:25:32.416152;81.5815
2025-06-27T12:25:32.454555;81.5804
2025-06-27T12:25:32.475247;81.5801
2025-06-27T12:25:32.526819;81.5736
2025-06-27T12:25:32.538373;81.5575
2025-06-27T12:25:32.573349;81.5610
2025-06-27T12:25:32.609537;81.5534
2025-06-27T12:25:32.635848;81.5412
2025-06-27T12:25:32.674383;81.5401
2025-06-27T12:25:32.707827;81.5272
2025-06-27T12:25:32.740279;81.5285
2025-06-27T12:25:32.793807;81.5095
2025-06-27T12:25:32.804469;81.5121
2025-06-27T12:25:32.841416;81.5233
2025-06-27T12:25:32.876276;81.5353
2025-06-27T12:25:32.907070;81.5218
2025-06-27T12:25:32.945946;81.5340
2025-06-27T12:25:32.972477;81.5275
2025-06-27T12:25:33.005899;81.5001
2025-06-27T12:25:33.045481;81.5058
2025-06-27T12:25:33.074082;81.4576
2025-06-27T12:25:33.116331;81.4270
2025-06-27T12:25:33.142690;81.4376
2025-06-27T12:25:33.178062;81.4253
2025-06-27T12:25:33.207641;81.4442
2025-06-27T12:25:33.242746;81.4396
2025-06-27T12:25:33.278142;81.4525
2025-06-27T12:25:33.331899;81.4596
2025-06-27T12:25:33.338655;81.4463
2025-06-27T12:25:33.375784;81.4471
2025-06-27T12:25:33.407434;81.4562
2025-06-27T12:25:33.442387;81.4400
2025-06-27T12:25:33.480298;81.4605
2025-06-27T12:25:33.508512;81.4644
2025-06-27T12:25:33.544620;81.4655
2025-06-27T12:25:33.576938;81.4665
2025-06-27T12:25:33.610605;81.4645
2025-06-27T12:25:33.647159;81.4886
2025-06-27T12:25:33.675267;81.4603
2025-06-27T12:25:33.707605;81.4992
2025-06-27T12:25:33.751049;81.5048
2025-06-27T12:25:33.792890;81.5099
2025-06-27T12:25:33.812841;81.4985
2025-06-27T12:25:33.841355;81.4835
2025-06-27T12:25:33.875419;81.4856
2025-06-27T12:25:33.909673;81.4969
2025-06-27T12:25:33.944747;81.4920
2025-06-27T12:25:33.990814;81.4892
2025-06-27T12:25:34.029884;81.4860
2025-06-27T12:25:34.045903;81.4652
2025-06-27T12:25:34.077054;81.3957
2025-06-27T12:25:34.113116;81.3750
2025-06-27T12:25:34.145366;81.3673
2025-06-27T12:25:34.178609;81.3612
2025-06-27T12:25:34.202131;81.3747
2025-06-27T12:25:34.241828;81.3617
2025-06-27T12:25:34.270996;81.3766
2025-06-27T12:25:34.308836;81.3725
2025-06-27T12:25:34.346326;81.3278
2025-06-27T12:25:34.374622;81.3581
2025-06-27T12:25:34.407310;81.3420
2025-06-27T12:25:34.447701;81.3404
2025-06-27T12:25:34.471630;81.3356
2025-06-27T12:25:34.513349;81.3284
2025-06-27T12:25:34.539445;81.3668
2025-06-27T12:25:34.579897;81.3562
2025-06-27T12:25:34.610085;81.3227
2025-06-27T12:25:34.644923;81.3606
2025-06-27T12:25:34.679735;81.3341
2025-06-27T12:25:34.714869;81.3451
2025-06-27T12:25:34.745100;81.3512
2025-06-27T12:25:34.783072;81.3411
2025-06-27T12:25:34.816569;81.3298
2025-06-27T12:25:34.834088;81.3186
2025-06-27T12:25:34.879895;81.3136
2025-06-27T12:25:34.900627;81.3152
2025-06-27T12:25:34.949707;81.3172
2025-06-27T12:25:34.985370;81.3311
2025-06-27T12:25:35.013763;81.3158
2025-06-27T12:25:35.050497;81.2822
2025-06-27T12:25:35.068736;81.3328
2025-06-27T12:25:35.114764;81.3150
2025-06-27T12:25:35.141488;81.3150
2025-06-27T12:25:35.178004;81.2889
2025-06-27T12:25:35.210562;81.3037
2025-06-27T12:25:35.232541;81.3116
2025-06-27T12:25:35.281990;81.3033
2025-06-27T12:25:35.305804;81.3068
2025-06-27T12:25:35.349089;81.2946
2025-06-27T12:25:35.369530;81.3310
2025-06-27T12:25:35.415471;81.3118
2025-06-27T12:25:35.435758;81.3179
2025-06-27T12:25:35.486155;81.3086
2025-06-27T12:25:35.515495;81.3055
2025-06-27T12:25:35.545837;81.3275
2025-06-27T12:25:35.578478;81.3168
2025-06-27T12:25:35.618239;81.3214
2025-06-27T12:25:35.636292;81.3213
2025-06-27T12:25:35.680420;81.3008
2025-06-27T12:25:35.697133;81.2460
2025-06-27T12:25:35.747355;81.2628
2025-06-27T12:25:35.767840;81.3149
2025-06-27T12:25:35.816843;81.3007
2025-06-27T12:25:35.858540;81.3094
2025-06-27T12:25:35.871427;81.3052
2025-06-27T12:25:35.900308;81.2862
2025-06-27T12:25:35.934806;81.2978
2025-06-27T12:25:35.964878;81.3064
2025-06-27T12:25:36.016967;81.3001
2025-06-27T12:25:36.047114;81.2966
2025-06-27T12:25:36.066175;81.2810
2025-06-27T12:25:36.113421;81.2948
2025-06-27T12:25:36.132795;81.2968
2025-06-27T12:25:36.164505;81.2908
2025-06-27T12:25:36.198761;81.3011
2025-06-27T12:25:36.233452;81.3042
2025-06-27T12:25:36.267287;81.2940
2025-06-27T12:25:36.299738;81.2857
2025-06-27T12:25:36.334357;81.3024
2025-06-27T12:25:36.369146;81.3093
2025-06-27T12:25:36.403135;81.2804
2025-06-27T12:25:36.432220;81.3023
2025-06-27T12:25:36.468248;81.3022
2025-06-27T12:25:36.499852;81.2943
2025-06-27T12:25:36.554580;81.3014
2025-06-27T12:25:36.574269;81.3206
2025-06-27T12:25:36.632855;81.3170
2025-06-27T12:25:36.645184;81.3292
2025-06-27T12:25:36.669936;80.5862
2025-06-27T12:25:36.720592;80.7419
2025-06-27T12:25:36.746631;80.7179
2025-06-27T12:25:36.784989;80.7085
2025-06-27T12:25:36.806177;80.7051
2025-06-27T12:25:36.841914;80.7062
2025-06-27T12:25:36.888739;80.7002
2025-06-27T12:25:36.909442;80.7038
2025-06-27T12:25:36.936956;80.7272
2025-06-27T12:25:36.969804;80.7419
2025-06-27T12:25:37.003646;80.7414
2025-06-27T12:25:37.050190;80.7727
2025-06-27T12:25:37.070992;80.7555
2025-06-27T12:25:37.108678;80.7760
2025-06-27T12:25:37.146385;80.7767
2025-06-27T12:25:37.174108;80.7858
2025-06-27T12:25:37.208558;80.7816
2025-06-27T12:25:37.238128;80.7758
2025-06-27T12:25:37.273786;80.7829
2025-06-27T12:25:37.304918;80.8015
2025-06-27T12:25:37.349637;80.8064
2025-06-27T12:25:37.371801;80.8105
2025-06-27T12:25:37.409322;80.7736
2025-06-27T12:25:37.432694;80.8054
2025-06-27T12:25:37.486969;80.7905
2025-06-27T12:25:37.507193;80.7929
2025-06-27T12:25:37.542872;80.8215
2025-06-27T12:25:37.572504;80.8246
2025-06-27T12:25:37.607718;80.8150
2025-06-27T12:25:37.642615;80.8013
2025-06-27T12:25:37.670761;80.8006
2025-06-27T12:25:37.697282;80.7883
2025-06-27T12:25:37.741477;80.7872
2025-06-27T12:25:37.775245;80.8137
2025-06-27T12:25:37.806844;80.7871
2025-06-27T12:25:37.839822;80.7984
2025-06-27T12:25:37.875658;80.8061
2025-06-27T12:25:37.905629;80.7848
2025-06-27T12:25:37.942811;80.7836
2025-06-27T12:25:37.976031;80.7960
2025-06-27T12:25:38.006429;80.7897
2025-06-27T12:25:38.035515;80.7722
2025-06-27T12:25:38.082209;80.7439
2025-06-27T12:25:38.108899;80.7630
2025-06-27T12:25:38.145232;80.7096
2025-06-27T12:25:38.165629;80.7424
2025-06-27T12:25:38.208072;80.7268
2025-06-27T12:25:38.240749;80.7319
2025-06-27T12:25:38.269878;80.7257
2025-06-27T12:25:38.302864;80.7311
2025-06-27T12:25:38.334961;80.7233
2025-06-27T12:25:38.381029;80.7298
2025-06-27T12:25:38.407478;80.7314
2025-06-27T12:25:38.435272;80.7287
2025-06-27T12:25:38.471814;80.7569
2025-06-27T12:25:38.504059;80.7498
2025-06-27T12:25:38.540786;80.7589
2025-06-27T12:25:38.575116;80.7446
2025-06-27T12:25:38.605155;80.7515
2025-06-27T12:25:38.635291;80.7281
2025-06-27T12:25:38.669426;80.7456
2025-06-27T12:25:38.702344;80.7443
2025-06-27T12:25:38.730591;80.7343
2025-06-27T12:25:38.771423;80.7365
2025-06-27T12:25:38.802641;80.7430
2025-06-27T12:25:38.839263;80.7378
2025-06-27T12:25:38.865992;80.7309
2025-06-27T12:25:38.903617;80.7291
2025-06-27T12:25:38.934725;80.7160
2025-06-27T12:25:38.972432;80.7131
2025-06-27T12:25:39.004009;80.7274
2025-06-27T12:25:39.040768;80.7351
2025-06-27T12:25:39.067637;80.7832
2025-06-27T12:25:39.105085;80.7367
2025-06-27T12:25:39.137989;80.7774
2025-06-27T12:25:39.175794;80.7786
2025-06-27T12:25:39.203116;80.7713
2025-06-27T12:25:39.246845;80.7529
2025-06-27T12:25:39.270598;80.7400
2025-06-27T12:25:39.307404;80.7490
2025-06-27T12:25:39.339776;80.7759
2025-06-27T12:25:39.375732;80.7810
2025-06-27T12:25:39.413575;80.7737
2025-06-27T12:25:39.441165;80.7709
2025-06-27T12:25:39.471582;80.7533
2025-06-27T12:25:39.504929;80.7699
2025-06-27T12:25:39.523006;80.7784
2025-06-27T12:25:39.575289;80.7769
2025-06-27T12:25:39.602986;80.7760
2025-06-27T12:25:39.641438;80.7674
2025-06-27T12:25:39.676664;80.8023
2025-06-27T12:25:39.708247;80.7903
2025-06-27T12:25:39.732797;80.7743
2025-06-27T12:25:39.778249;80.7869
2025-06-27T12:25:39.806669;80.7925
2025-06-27T12:25:39.843001;80.7545
2025-06-27T12:25:39.879289;80.7378
2025-06-27T12:25:39.907495;80.7442
2025-06-27T12:25:39.922569;80.7357
2025-06-27T12:25:39.973597;80.7410
2025-06-27T12:25:40.003989;80.7502
2025-06-27T12:25:40.048374;80.7331
2025-06-27T12:25:40.072492;80.7389
2025-06-27T12:25:40.110262;80.7201
2025-06-27T12:25:40.140961;80.7404
2025-06-27T12:25:40.178829;80.7379
2025-06-27T12:25:40.198472;80.7201
2025-06-27T12:25:40.248601;80.7027
2025-06-27T12:25:40.264610;80.7251
2025-06-27T12:25:40.310580;80.7085
2025-06-27T12:25:40.325428;80.7399
2025-06-27T12:25:40.375020;80.7187
2025-06-27T12:25:40.401034;80.7188
2025-06-27T12:25:40.440845;80.7084
2025-06-27T12:25:40.479965;80.7312
2025-06-27T12:25:40.508377;80.7079
2025-06-27T12:25:40.525526;80.7043
2025-06-27T12:25:40.578497;80.6539
2025-06-27T12:25:40.611937;80.6444
2025-06-27T12:25:40.648276;80.6035
2025-06-27T12:25:40.662558;80.6069
2025-06-27T12:25:40.711293;80.5960
2025-06-27T12:25:40.729920;80.6089
2025-06-27T12:25:40.777815;80.5944
2025-06-27T12:25:40.798803;80.5790
2025-06-27T12:25:40.830902;80.5605
2025-06-27T12:25:40.863628;80.5551
2025-06-27T12:25:40.898892;80.5822
2025-06-27T12:25:40.932469;80.5774
2025-06-27T12:25:40.979850;80.5760
2025-06-27T12:25:40.999216;80.5666
2025-06-27T12:25:41.046722;80.5304
2025-06-27T12:25:41.064896;80.5547
2025-06-27T12:25:41.110480;80.4980
2025-06-27T12:25:41.125906;80.5233
2025-06-27T12:25:41.159547;80.5202
2025-06-27T12:25:41.214446;80.5099
2025-06-27T12:25:41.230095;80.5492
2025-06-27T12:25:41.276842;80.5139
2025-06-27T12:25:41.292559;80.5283
2025-06-27T12:25:41.327938;80.5090
2025-06-27T12:25:41.362134;80.5172
2025-06-27T12:25:41.399189;80.5120
2025-06-27T12:25:41.456136;80.5135
2025-06-27T12:25:41.475393;80.5083
2025-06-27T12:25:41.497152;80.5153
2025-06-27T12:25:41.541953;80.4957
2025-06-27T12:25:41.590669;80.5038
2025-06-27T12:25:41.613030;80.4940
2025-06-27T12:25:41.634032;80.4832
2025-06-27T12:25:41.663412;80.4679
2025-06-27T12:25:41.703916;80.4894
2025-06-27T12:25:41.736042;80.4956
2025-06-27T12:25:41.766323;80.4967
2025-06-27T12:25:41.797782;80.4890
2025-06-27T12:25:41.836191;80.5193
2025-06-27T12:25:41.870465;80.5217
2025-06-27T12:25:41.902727;80.5264
2025-06-27T12:25:41.929874;80.4851
2025-06-27T12:25:41.968121;80.4962
2025-06-27T12:25:42.014722;80.5160
2025-06-27T12:25:42.031664;80.4767
2025-06-27T12:25:42.076638;80.4817
2025-06-27T12:25:42.108267;80.5021
2025-06-27T12:25:42.133214;80.4900
2025-06-27T12:25:42.167788;80.4820
2025-06-27T12:25:42.199581;80.5224
2025-06-27T12:25:42.244359;80.4869
2025-06-27T12:25:42.272302;80.4990
2025-06-27T12:25:42.302634;80.4630
2025-06-27T12:25:42.335649;80.4882
2025-06-27T12:25:42.363169;80.4511
2025-06-27T12:25:42.400205;80.4182
2025-06-27T12:25:42.433324;80.4692
2025-06-27T12:25:42.467795;80.4330
2025-06-27T12:25:42.503848;80.4288
2025-06-27T12:25:42.539487;80.4613
2025-06-27T12:25:42.568106;80.4483
2025-06-27T12:25:42.614937;80.4258
2025-06-27T12:25:42.635899;80.4324
2025-06-27T12:25:42.673032;80.4444
2025-06-27T12:25:42.699395;80.4178
2025-06-27T12:25:42.735077;80.4462
2025-06-27T12:25:42.768552;80.4312
2025-06-27T12:25:42.808900;80.4167
2025-06-27T12:25:42.836191;80.4427
2025-06-27T12:25:42.882366;80.4428
2025-06-27T12:25:42.901825;80.4493
2025-06-27T12:25:42.925172;80.4050
2025-06-27T12:25:42.956213;80.3935
2025-06-27T12:25:42.996433;80.4745
2025-06-27T12:25:43.027406;80.4688
2025-06-27T12:25:43.067408;80.4529
2025-06-27T12:25:43.097308;80.4747
2025-06-27T12:25:43.129224;80.4607
2025-06-27T12:25:43.161273;80.4554
2025-06-27T12:25:43.195906;80.4740
2025-06-27T12:25:43.230026;80.4765
2025-06-27T12:25:43.272042;80.4933
2025-06-27T12:25:43.305580;80.4762
2025-06-27T12:25:43.333037;80.4556
2025-06-27T12:25:43.366545;80.4635
2025-06-27T12:25:43.401933;80.4722
2025-06-27T12:25:43.433884;80.4727
2025-06-27T12:25:43.483809;80.4600
2025-06-27T12:25:43.497979;80.4678
2025-06-27T12:25:43.551209;80.4825
2025-06-27T12:25:43.569881;80.4680
2025-06-27T12:25:43.591471;80.4710
2025-06-27T12:25:43.635328;80.4582
2025-06-27T12:25:43.668457;80.4588
2025-06-27T12:25:43.701059;80.4589
2025-06-27T12:25:43.718160;80.4526
2025-06-27T12:25:43.768371;80.4465
2025-06-27T12:25:43.803860;80.4574
2025-06-27T12:25:43.862260;80.4437
2025-06-27T12:25:43.879407;80.4270
2025-06-27T12:25:43.899428;80.3979
2025-06-27T12:25:43.947655;80.3947
2025-06-27T12:25:43.962708;80.3995
2025-06-27T12:25:44.001227;80.4404
2025-06-27T12:25:44.032949;80.4552
2025-06-27T12:25:44.067900;80.4470
2025-06-27T12:25:44.109661;80.4457
2025-06-27T12:25:44.117919;80.4733
2025-06-27T12:25:44.163446;80.4278
2025-06-27T12:25:44.198812;80.4889
2025-06-27T12:25:44.232746;80.5027
2025-06-27T12:25:44.269512;80.5089
2025-06-27T12:25:44.300325;80.4866
2025-06-27T12:25:44.350275;80.4931
2025-06-27T12:25:44.367330;80.5071
2025-06-27T12:25:44.402943;80.4798
2025-06-27T12:25:44.431737;80.4979
2025-06-27T12:25:44.463485;80.4933
2025-06-27T12:25:44.504977;80.5003
2025-06-27T12:25:44.535140;80.4988
2025-06-27T12:25:44.554526;80.4836
2025-06-27T12:25:44.606193;80.4709
2025-06-27T12:25:44.632954;80.4805
2025-06-27T12:25:44.669027;80.4931
2025-06-27T12:25:44.701836;80.5284
2025-06-27T12:25:44.741103;80.5353
2025-06-27T12:25:44.762388;80.5477
2025-06-27T12:25:44.799986;80.5468
2025-06-27T12:25:44.822777;80.5362
2025-06-27T12:25:44.870004;80.5201
2025-06-27T12:25:44.904811;80.5484
2025-06-27T12:25:44.952442;80.5346
2025-06-27T12:25:44.978138;80.5166
2025-06-27T12:25:45.002946;80.5324
2025-06-27T12:25:45.038081;80.5316
2025-06-27T12:25:45.065885;80.5178
2025-06-27T12:25:45.107740;80.5314
2025-06-27T12:25:45.119366;80.5227
2025-06-27T12:25:45.171780;80.4888
2025-06-27T12:25:45.189749;80.4889
2025-06-27T12:25:45.223822;80.4834
2025-06-27T12:25:45.256276;80.4820
2025-06-27T12:25:45.301656;80.4556
2025-06-27T12:25:45.343433;80.4400
2025-06-27T12:25:45.367628;80.3902
2025-06-27T12:25:45.391439;80.3603
2025-06-27T12:25:45.422463;80.3325
2025-06-27T12:25:45.476219;80.3327
2025-06-27T12:25:45.506606;80.3304
2025-06-27T12:25:45.519256;80.2590
2025-06-27T12:25:45.553783;80.2743
2025-06-27T12:25:45.602120;80.2968
2025-06-27T12:25:45.621754;80.2854
2025-06-27T12:25:45.654865;80.2751
2025-06-27T12:25:45.693298;80.3161
2025-06-27T12:25:45.725059;80.3090
2025-06-27T12:25:45.758752;80.2967
2025-06-27T12:25:45.790818;80.3108
2025-06-27T12:25:45.821927;80.3134
2025-06-27T12:25:45.857118;80.3094
2025-06-27T12:25:45.890770;80.3339
2025-06-27T12:25:45.923047;80.3163
2025-06-27T12:25:45.953964;80.3123
2025-06-27T12:25:46.013839;80.3063
2025-06-27T12:25:46.025889;80.3195
2025-06-27T12:25:46.059904;80.3285
2025-06-27T12:25:46.091204;80.3525
2025-06-27T12:25:46.126917;80.3449
2025-06-27T12:25:46.159656;80.3305
2025-06-27T12:25:46.196798;80.3395
2025-06-27T12:25:46.245159;80.3634
2025-06-27T12:25:46.276214;80.3512
2025-06-27T12:25:46.292729;80.3340
2025-06-27T12:25:46.324086;80.3512
2025-06-27T12:25:46.358343;80.3436
2025-06-27T12:25:46.389886;80.3334
2025-06-27T12:25:46.427279;80.3503
2025-06-27T12:25:46.459751;80.3361
2025-06-27T12:25:46.506861;80.3738
2025-06-27T12:25:46.525771;80.3526
2025-06-27T12:25:46.558302;80.3435
2025-06-27T12:25:46.594525;80.3377
2025-06-27T12:25:46.645745;80.3519
2025-06-27T12:25:46.661407;80.3475
2025-06-27T12:25:46.687563;80.3437
2025-06-27T12:25:46.723264;80.3450
2025-06-27T12:25:46.759978;80.3436
2025-06-27T12:25:46.791636;80.3466
2025-06-27T12:25:46.827281;80.3292
2025-06-27T12:25:46.863611;80.3170
2025-06-27T12:25:46.913627;80.3516
2025-06-27T12:25:46.927125;80.3543
2025-06-27T12:25:46.960106;80.3438
2025-06-27T12:25:46.991448;80.3522
2025-06-27T12:25:47.026704;80.3617
2025-06-27T12:25:47.057853;80.3551
2025-06-27T12:25:47.096260;80.3476
2025-06-27T12:25:47.127354;80.3608
2025-06-27T12:25:47.160259;80.3603
2025-06-27T12:25:47.194112;80.3469
2025-06-27T12:25:47.229526;80.3869
2025-06-27T12:25:47.261110;80.3877
2025-06-27T12:25:47.295866;80.3625
2025-06-27T12:25:47.330304;80.3771
2025-06-27T12:25:47.382452;80.3515
2025-06-27T12:25:47.394610;80.3426
2025-06-27T12:25:47.420152;80.3529
2025-06-27T12:25:47.458609;80.3299
2025-06-27T12:25:47.488699;80.3266
2025-06-27T12:25:47.541448;80.3028
2025-06-27T12:25:47.561609;80.3181
2025-06-27T12:25:47.591639;80.3181
2025-06-27T12:25:47.645132;80.2940
2025-06-27T12:25:47.664065;80.3016
2025-06-27T12:25:47.694889;80.2934
2025-06-27T12:25:47.721219;80.3110
2025-06-27T12:25:47.755758;80.3275
2025-06-27T12:25:47.793767;80.3279
2025-06-27T12:25:47.819852;80.2946
2025-06-27T12:25:47.859873;80.3074
2025-06-27T12:25:47.894405;80.3497
2025-06-27T12:25:47.925520;80.3335
2025-06-27T12:25:47.968203;80.3363
2025-06-27T12:25:47.997741;80.3225
2025-06-27T12:25:48.026797;80.2925
2025-06-27T12:25:48.058157;80.3257
2025-06-27T12:25:48.095237;80.3254
2025-06-27T12:25:48.128250;80.3426
2025-06-27T12:25:48.162535;80.3434
2025-06-27T12:25:48.191806;80.3137
2025-06-27T12:25:48.251851;80.3196
2025-06-27T12:25:48.262780;80.3516
2025-06-27T12:25:48.295156;80.3229
2025-06-27T12:25:48.326678;80.3054
2025-06-27T12:25:48.360134;80.2996
2025-06-27T12:25:48.393228;80.3349
2025-06-27T12:25:48.428565;80.3101
2025-06-27T12:25:48.462505;80.3312
2025-06-27T12:25:48.510598;80.3059
2025-06-27T12:25:48.524513;80.3176
2025-06-27T12:25:48.563288;80.3112
2025-06-27T12:25:48.596428;80.3201
2025-06-27T12:25:48.632036;80.3114
2025-06-27T12:25:48.661629;80.3049
2025-06-27T12:25:48.694529;80.2909
2025-06-27T12:25:48.731590;80.2950
2025-06-27T12:25:48.765002;80.3064
2025-06-27T12:25:48.793293;80.3132
2025-06-27T12:25:48.834638;80.2875
2025-06-27T12:25:48.863849;80.2665
2025-06-27T12:25:48.900047;80.2716
2025-06-27T12:25:48.931235;80.2514
2025-06-27T12:25:48.961369;80.2462
2025-06-27T12:25:48.989890;80.2461
2025-06-27T12:25:49.027942;80.2388
2025-06-27T12:25:49.061084;80.2648
2025-06-27T12:25:49.091028;80.2975
2025-06-27T12:25:49.131095;80.3165
2025-06-27T12:25:49.177007;80.3013
2025-06-27T12:25:49.196368;80.2706
2025-06-27T12:25:49.227541;80.2826
2025-06-27T12:25:49.263201;80.2947
2025-06-27T12:25:49.299235;80.3112
2025-06-27T12:25:49.335066;80.2815
2025-06-27T12:25:49.361130;80.2686
2025-06-27T12:25:49.396046;80.2699
2025-06-27T12:25:49.432283;80.2621
2025-06-27T12:25:49.465258;80.2295
2025-06-27T12:25:49.488944;80.2274
2025-06-27T12:25:49.534246;80.2239
2025-06-27T12:25:49.563861;80.2601
2025-06-27T12:25:49.599323;80.2505
2025-06-27T12:25:49.618282;80.2191
2025-06-27T12:25:49.669494;80.2564
2025-06-27T12:25:49.700527;80.2558
2025-06-27T12:25:49.725326;80.2560
2025-06-27T12:25:49.750509;80.2617
2025-06-27T12:25:49.781527;80.2643
2025-06-27T12:25:49.819756;80.2602
2025-06-27T12:25:49.872530;80.2612
2025-06-27T12:25:49.886854;80.2558
2025-06-27T12:25:49.924218;80.2560
2025-06-27T12:25:49.963268;80.2594
2025-06-27T12:25:49.982862;80.2581
2025-06-27T12:25:50.012685;80.2757
2025-06-27T12:25:50.051099;80.2463
2025-06-27T12:25:50.081945;80.2703
2025-06-27T12:25:50.116639;80.2820
2025-06-27T12:25:50.149267;80.2940
2025-06-27T12:25:50.186391;80.2818
2025-06-27T12:25:50.215821;80.2676
2025-06-27T12:25:50.251058;80.2912
2025-06-27T12:25:50.284683;80.2785
2025-06-27T12:25:50.335244;80.2783
2025-06-27T12:25:50.355740;80.2795
2025-06-27T12:25:50.400136;80.2745
2025-06-27T12:25:50.418768;80.2884
2025-06-27T12:25:50.453054;80.2630
2025-06-27T12:25:50.486393;80.2904
2025-06-27T12:25:50.539448;80.2779
2025-06-27T12:25:50.554099;80.2631
2025-06-27T12:25:50.584316;80.2680
2025-06-27T12:25:50.618024;80.2880
2025-06-27T12:25:50.654508;80.2904
2025-06-27T12:25:50.685831;80.2907
2025-06-27T12:25:50.718321;80.2762
2025-06-27T12:25:50.750146;80.3015
2025-06-27T12:25:50.785630;80.3068
2025-06-27T12:25:50.819265;80.3053
2025-06-27T12:25:50.874169;80.3100
2025-06-27T12:25:50.889010;80.2966
2025-06-27T12:25:50.919953;80.2890
2025-06-27T12:25:50.949157;80.2843
2025-06-27T12:25:50.986009;80.2755
2025-06-27T12:25:51.013426;80.2931
2025-06-27T12:25:51.052960;80.2653
2025-06-27T12:25:51.081845;80.2560
2025-06-27T12:25:51.124735;80.2770
2025-06-27T12:25:51.149780;80.2952
2025-06-27T12:25:51.183273;80.2709
2025-06-27T12:25:51.215122;80.2708
2025-06-27T12:25:51.253342;80.2789
2025-06-27T12:25:51.287609;80.2986
2025-06-27T12:25:51.323355;80.2973
2025-06-27T12:25:51.356160;80.3035
2025-06-27T12:25:51.387143;80.3129
2025-06-27T12:25:51.419486;80.3373
2025-06-27T12:25:51.455807;80.3306
2025-06-27T12:25:51.489365;80.3112
2025-06-27T12:25:51.524606;80.3544
2025-06-27T12:25:51.554421;80.3592
2025-06-27T12:25:51.605254;80.3484
2025-06-27T12:25:51.623040;80.3837
2025-06-27T12:25:51.656179;80.3657
2025-06-27T12:25:51.703035;80.3575
2025-06-27T12:25:51.739124;80.3474
2025-06-27T12:25:51.780038;80.3766
2025-06-27T12:25:51.788912;80.3470
2025-06-27T12:25:51.821841;80.3634
2025-06-27T12:25:51.857942;80.3610
2025-06-27T12:25:51.889174;80.3199
2025-06-27T12:25:51.920764;80.3088
2025-06-27T12:25:51.954390;80.3450
2025-06-27T12:25:51.990179;80.3383
2025-06-27T12:25:52.015750;80.3184
2025-06-27T12:25:52.055291;80.3090
2025-06-27T12:25:52.088896;80.3057
2025-06-27T12:25:52.120556;80.3107
2025-06-27T12:25:52.152681;80.3183
2025-06-27T12:25:52.210036;80.3062
2025-06-27T12:25:52.221664;80.2863
2025-06-27T12:25:52.274070;80.2983
2025-06-27T12:25:52.286008;80.2823
2025-06-27T12:25:52.320805;80.2567
2025-06-27T12:25:52.355564;80.2464
2025-06-27T12:25:52.388668;80.2558
2025-06-27T12:25:52.432863;80.2526
2025-06-27T12:25:52.461303;80.2724
2025-06-27T12:25:52.495027;80.2683
2025-06-27T12:25:52.528594;80.2764
2025-06-27T12:25:52.541947;80.2568
2025-06-27T12:25:52.592366;80.2899
2025-06-27T12:25:52.621681;80.2989
2025-06-27T12:25:52.662805;80.2990
2025-06-27T12:25:52.695199;80.2970
2025-06-27T12:25:52.721425;80.3073
2025-06-27T12:25:52.751933;80.3072
2025-06-27T12:25:52.783901;80.2818
2025-06-27T12:25:52.823363;80.2772
2025-06-27T12:25:52.844385;80.3151
2025-06-27T12:25:52.885552;80.3130
2025-06-27T12:25:52.922923;80.3168
2025-06-27T12:25:52.956965;80.3251
2025-06-27T12:25:52.992462;80.2878
2025-06-27T12:25:53.021726;80.2875
